slug;titulo;plataforma;categoria;link_produto;link_afiliado;imagem;imagens_extras;resumo;positivos;atencao;preco;guias
;Camiseta UV50 Brasil Manga Longa Dry Fit com Proteção Solar;shopee;fashion;https://shopee.com.br/product/297597193/55411993196;https://s.shopee.com.br/qjvpTNvb4;;;Camiseta de manga longa com estampa do Brasil, em tecido dry fit e anunciada com proteção solar UV50. Opção para usar a camisa ao ar livre.;Manga longa com proteção UV50, segundo o anúncio|Tecido dry fit|Estampa patriota do Brasil;Confira a tabela de medidas antes de comprar|A proteção UV é informada pelo vendedor: leia as avaliações;;achados-da-semana
;Camiseta Brasil Deus Acima de Tudo;shopee;fashion;https://shopee.com.br/product/973419961/58260330620;https://s.shopee.com.br/gQVdAOYw3;;;Camiseta t-shirt com a frase Deus acima de tudo e tema do Brasil. Modelo casual para dias de jogo ou para o dia a dia.;Estampa com tema do Brasil|Modelo t-shirt casual;Confira a tabela de medidas e o tecido no anúncio|Cores e estampas podem variar entre as opções do anúncio;;achados-da-semana
;Camiseta 100% Algodão Premium Copa Brasil;shopee;fashion;https://shopee.com.br/product/1447676997/22299374724;https://s.shopee.com.br/6VOIa3tVpl;;;Camiseta t-shirt de algodão com estampa do Brasil, pensada para os dias de jogo da Copa. O anúncio destaca o tecido 100% algodão.;100% algodão, segundo o anúncio|Estampa do Brasil para dias de jogo;Veja as instruções de lavagem do anúncio|Confira a tabela de medidas antes de comprar;;achados-da-semana
;Boné Camuflagem Brasil Bandeira Estilo Tático Militar;shopee;fashion;https://shopee.com.br/product/1496723073/58200472537;https://s.shopee.com.br/6VOIdAz4m0;;;Boné masculino de estilo tático, com camuflagem e bandeira do Brasil. O anúncio oferece opções nas cores preto, bege e azul-marinho.;Estilo tático com bandeira do Brasil|Várias cores no anúncio;Confira o tamanho e o ajuste no anúncio|As cores disponíveis podem variar;;achados-da-semana
;Boné Brasil Seleção Brasileira Aba Curva Ajustável;shopee;fashion;https://shopee.com.br/product/849246146/58211668403;https://s.shopee.com.br/6L4sQrzi6z;;;Boné unissex de aba curva com tema da Seleção Brasileira e ajuste regulável. Acessório simples para dias de jogo.;Aba curva e ajuste regulável|Modelo unissex;Confira o material e as cores no anúncio|Não é produto oficial da seleção, a menos que o anúncio diga;;achados-da-semana
;Camisa Brasil Retrô 1970 Amarela Masculina;shopee;fashion;https://shopee.com.br/product/698219490/19698265975;https://shope.ee/an_redir?origin_link=https%3A%2F%2Fshopee.com.br%2Fproduct%2F698219490%2F19698265975&affiliate_id=18327721263&sub_id=achadinhos;https://cf.shopee.com.br/file/br-11134207-820l4-mptpuwlat6gy5b;;Camisa amarela inspirada no modelo retrô de 1970 da seleção brasileira, em corte masculino. Para quem gosta de futebol clássico.;Visual retrô de 1970|Corte masculino|Nota alta entre os compradores do anúncio;Confira se o produto é oficial ou licenciado no anúncio|Veja a tabela de medidas antes de comprar;;achados-da-semana
;Camisa Brasil Canarinho Feminina;shopee;fashion;https://shopee.com.br/product/1337527569/49660828405;https://shope.ee/an_redir?origin_link=https%3A%2F%2Fshopee.com.br%2Fproduct%2F1337527569%2F49660828405&affiliate_id=18327721263&sub_id=achadinhos;https://cf.shopee.com.br/file/sg-11134201-822zo-mofrunby3p5a27;;Camisa canarinho com corte feminino, nas cores da seleção brasileira. Opção para os dias de jogo.;Corte feminino|Nas cores da seleção|Nota alta entre os compradores do anúncio;Confira o tecido e a tabela de medidas|Veja se o produto é oficial ou licenciado;;achados-da-semana
;Camisa Brasil 1998 Retrô Masculina;shopee;fashion;https://shopee.com.br/product/698219490/43579326355;https://shope.ee/an_redir?origin_link=https%3A%2F%2Fshopee.com.br%2Fproduct%2F698219490%2F43579326355&affiliate_id=18327721263&sub_id=achadinhos;https://cf.shopee.com.br/file/br-11134207-820l8-mmc1k7wnhpts42;;Camisa retrô inspirada na seleção de 1998, em corte masculino. Interessante para colecionadores e quem gosta de futebol clássico.;Visual retrô de 1998|Corte masculino|Nota alta entre os compradores do anúncio;Veja a tabela de medidas|Confira se é modelo oficial ou licenciado;;achados-da-semana
;Camisa Brasil Retrô 1962 Verde Masculina;shopee;fashion;https://shopee.com.br/product/698219490/19698265974;https://shope.ee/an_redir?origin_link=https%3A%2F%2Fshopee.com.br%2Fproduct%2F698219490%2F19698265974&affiliate_id=18327721263&sub_id=achadinhos;https://cf.shopee.com.br/file/sg-11134201-7rauz-mb2l971fk0ggab;;Camisa verde inspirada na seleção de 1962, em corte masculino. Uma opção diferente do amarelo tradicional.;Cor verde retrô|Corte masculino|Nota alta entre os compradores do anúncio;Veja a tabela de medidas|Confira se é modelo oficial ou licenciado;;achados-da-semana
;Camiseta do Brasil Especial da Copa Dry Fit Amarela;shopee;fashion;https://shopee.com.br/product/1314243679/51208014636;https://shope.ee/an_redir?origin_link=https%3A%2F%2Fshopee.com.br%2Fproduct%2F1314243679%2F51208014636&affiliate_id=18327721263&sub_id=achadinhos;https://cf.shopee.com.br/file/sg-11134201-82602-mmhx5lxuu3nmde;;Camiseta amarela de manga curta em dry fit, com tema do Brasil para a Copa. Tecido pensado para dias quentes e atividades.;Tecido dry fit|Manga curta|Nota alta entre os compradores do anúncio;Confira a tabela de medidas|Dry fit costuma ser sintético: veja a composição no anúncio;;achados-da-semana
;Camisa Brasil Masculina 2026 Torcedor Dry Fit Amarela;shopee;fashion;https://shopee.com.br/product/817652731/58204360910;https://shope.ee/an_redir?origin_link=https%3A%2F%2Fshopee.com.br%2Fproduct%2F817652731%2F58204360910&affiliate_id=18327721263&sub_id=achadinhos;https://cf.shopee.com.br/file/br-11134207-820m3-mm90q54r6jnqaf;;Camisa de torcedor amarela em dry fit, modelo masculino 2026, para o dia a dia e dias de jogo.;Modelo 2026 de torcedor|Dry fit|Para uso no dia a dia;Confira a tabela de medidas|Veja se é produto oficial ou licenciado;;achados-da-semana
;Boné Brasil Amarelo e Verde;shopee;fashion;https://shopee.com.br/product/1337527569/18298023318;https://shope.ee/an_redir?origin_link=https%3A%2F%2Fshopee.com.br%2Fproduct%2F1337527569%2F18298023318&affiliate_id=18327721263&sub_id=achadinhos;https://cf.shopee.com.br/file/sg-11134201-7renn-m1pvxhiidtva5a;;Boné nas cores amarelo e verde do Brasil. Acessório simples para completar o look de jogo.;Cores do Brasil|Acessório fácil de combinar|Nota alta entre os compradores do anúncio;Confira o ajuste e o material no anúncio;;achados-da-semana
;(Squishy)Bola De Aperto De Pão;shopee;Brinquedos;https://shopee.com.br/product/383864148/48264636685;https://shope.ee/an_redir?origin_link=https%3A%2F%2Fshopee.com.br%2Fproduct%2F383864148%2F48264636685&affiliate_id=18327721263&sub_id=achadinhos;/produtos/squishy.webp;;Squishy, brinquedo macio de apertar, vendido na Shopee. Veja fotos, medidas e avaliações no anúncio.;Brinquedo macio de apertar;Confira tamanho, material e avaliações no anúncio;;achados-da-semana
